Reference, Quantity, Value, Footprint,Link mua hàng
BT1 ,1,Battery_Cell,nhantt-kicad-lib:BT3V3,http://www.dientuachau.com/holder-cr1220
C1 C2 C32 C33 C34 C36 C4 C5 ,8,C?,Capacitors_SMD:C_0805_HandSoldering,
C10 C11 ,2,20pF,Capacitors_SMD:C_0805_HandSoldering,http://www.dientuachau.com/cap-cer-20pf-0805
C12 C37 C50 C56 C61 C63 C65 C67 C69 ,9,10uF,Capacitors_SMD:C_1206_HandSoldering,http://www.dientuachau.com/cap-cer-10uf-25v
C13 C29 C30 C31 C38 C40 C42 C43 ,8,4.7nF,Capacitors_SMD:C_0805_HandSoldering,http://www.dientuachau.com/cap-cer-4-7-nf-0805
C14 C15 C16 C17 C19 C20 C21 C22 C23 C24 C25 C27 C28 C3 C35 C39 C41 C44 C45 C46 C47 C48 C49 C51 C58 C59 C62 C64 C66 C68 C9 ,31,100nF,Capacitors_SMD:C_0805_HandSoldering,http://www.dientuachau.com/cap-cer-100nf-0805
C18 C54 C55 ,3,1uF,Capacitors_SMD:C_0805_HandSoldering,https://banlinhkien.vn/goods-10069-tu-0805-105-1uf-10-16v-10c-.html
C26 C60 ,2,330uF/25V,nhantt-kicad-lib:CP_Elec_10x10.5,http://www.dientuachau.com/cap-alum-330uf-25v
C52 ,1,0.1uF,Capacitors_SMD:C_0805_HandSoldering,http://www.dientuachau.com/cap-cer-100nf-0805
C53 ,1,10nF,Capacitors_SMD:C_0805_HandSoldering,http://www.dientuachau.com/copy-of-cap-cer-10nf-0805
C57 ,1,33nF,Capacitors_SMD:C_0805_HandSoldering,https://banlinhkien.vn/goods-7854-tu-0805-33nf-50v-20-10c-.html 
C6 C7 ,2,10pF,Capacitors_SMD:C_0805_HandSoldering,http://www.dientuachau.com/cap-cer-10pf-0805
C8 ,1,220uF/50V,nhantt-kicad-lib:CP_Elec_10x10.5,http://www.dientuachau.com/cap-alum-220uf-50v
D1 D16 D17 D18 D19 D2 D3 D8 ,8,1N4148,nhantt-kicad-lib:D_SOD-123,http://www.dientuachau.com/1n4148w-7-f
D13 ,1,SS54,nhantt-kicad-lib:D_SMB_Standard,http://www.dientuachau.com/ss54-smb 
D14 ,1,LED_STATUS,LEDs:LED_0805_HandSoldering,http://www.dientuachau.com/led-0805-blue 
D15 ,1,POWER_LED,LEDs:LED_0805_HandSoldering,http://www.dientuachau.com/led-0805-red 
D26 ,1,1N4007,nhantt-kicad-lib:D_SMB_Handsoldering,http://www.dientuachau.com/1n4007-m7
D27 D28 D29 ,3,SMBJ15CA,nhantt-kicad-lib:D_SMA_Standard,http://www.dientuachau.com/smbj12a
D30 D31 D32 D33 D34 D35 D36 D37 D38 D39 D40 D41 ,12,10V,nhantt-kicad-lib:SOD-80,https://thegioiic.com/products/zmm10
D4 ,1,D_ALT,nhantt-kicad-lib:SOD-80,https://banlinhkien.vn/goods-7004-diode-t7-sod123-1n4007-sod123-.html
D42 D43 D44 D45 D46 D47 D48 D49 D50 D51 D52 D53 ,12,FR107,nhantt-kicad-lib:D_SMA_Standard,https://banlinhkien.vn/goods-7153-diode-chinh-luu-fr107-smd-rs1m.html 
D5 ,1,30V,nhantt-kicad-lib:D_SMB_Handsoldering,http://www.dientuachau.com/smbj36ca
D10 D11 D12 D20 D21 D22 D23 D24 D25 D6 D7 D9 ,12,15V,nhantt-kicad-lib:SOD-80,https://thegioiic.com/products/zmm15
F1 F2 ,2,Fuse,nhantt-kicad-lib:Fuse_SMD1812,https://banlinhkien.vn/goods-9175-cau-chi-tu-phuc-hoi-1-5a-24v-smd1812-mf-msmf150-24x-2.html 
F3 ,1,24V/0.75A,nhantt-kicad-lib:Fuseholder5x20_horiz_SemiClosed_Casing10x25mm,"https://banlinhkien.vn/goods-3716-de-cau-chi-blx-a-5x20mm.html
https://banlinhkien.vn/goods-5508-cau-chi-1a-5x20mm.html"
F10 F11 F12 F13 F14 F15 F4 F5 F6 F7 F8 F9 ,12,24V/2A,nhantt-kicad-lib:Fuse_SMD1812,https://banlinhkien.vn/goods-10033-cau-chi-tu-phuc-hoi-2a-24v-smd1812.html
J1 ,1,Conn_01x16,TerminalBlocks_Phoenix:TerminalBlock_Phoenix_PT-3.5mm_16pol,"https://thegioiic.com/products/terminal-block-8-chan-5-08-chan-cong-kf2edgk-5-08-8p-l
https://thegioiic.com/products/terminal-block-8-chan-5-08-chan-cong-kf2edgk-5-08-8p-l"
J16 ,1,Conn_01x04,Pin_Headers:Pin_Header_Straight_1x04_Pitch2.54mm,
J2 ,1,Conn_01x02,nhantt-kicad-lib:TerminalBlock_Pheonix_PT-5.08mm_2pol,https://thegioiic.com/products/terminal-block-2-chan-5-08-chan-cong-kf2edgk-5-08-2p-l
J4 ,1,Conn_01x03,nhantt-kicad-lib:TerminalBlock_Pheonix_PT-5.08mm_3pol,https://thegioiic.com/products/terminal-block-3-chan-5-08-chan-cong-kf2edgk-5-08-3p-l 
J3 J5 ,2,Conn_01x13,nhantt-kicad-lib:TerminalBlock_Pheonix_PT-5.08mm_13pol,"https://thegioiic.com/products/terminal-block-7-chan-5-08-chan-cong-kf2edgk-5-08-7p-l
https://thegioiic.com/products/terminal-block-6-chan-5-08-chan-cong-kf2edgk-5-08-6p-l"
J6 ,1,Conn_01x04,nhantt-kicad-lib:Header-4pin-2.54W,https://thegioiic.com/products/kf2510-4-chan-thang 
J7 ,1,Conn_02x08,Pin_Headers:Pin_Header_Straight_2x08_Pitch2.54mm,https://thegioiic.com/products/kf2510-8-chan-thang 
L1 L3 ,2,30R,Inductors_SMD:L_0805_HandSoldering,https://thegioiic.com/products/ilhb0805er300v
L2 ,1,47uH/5A,nhantt-kicad-lib:Inductor_5A,https://banlinhkien.vn/goods-7069-cuon-cam-180uh-tc6826-5a-18mm.html
M1 ,1,MORSUN_485,nhantt-kicad-lib:MORSUN_485,digikey
P1 ,1,USB_OTG,Connectors:USB_Mini-B,https://banlinhkien.vn/goods-1022-miniusb-5p-smd.html
Q1 Q10 Q11 Q12 Q2 Q3 Q4 Q5 Q6 Q7 Q8 Q9 ,12,C1815,nhantt-kicad-lib:SOT-23,https://banlinhkien.vn/goods-946-c1815-sot23-trans-npn-0-15a-50v-hf-10c-.html 
Q13 Q14 Q15 Q16 Q17 Q18 ,6,APM4953,nhantt-kicad-lib:APM4953,http://www.dientuachau.com/apm4953kc
R1 R2 R3 R4 R44 R45 R46 R47 R87 ,9,120R,Resistors_SMD:R_0805_HandSoldering,http://www.dientuachau.com/r0805-5-120-ohm
R10 R11 ,2,22R,Resistors_SMD:R_0805_HandSoldering,http://www.dientuachau.com/r0805-5-22-ohm
R12 ,1,1.5k,Resistors_SMD:R_0805_HandSoldering,http://www.dientuachau.com/r0805-5-1-5-k
R101 R102 R103 R104 R105 R106 R107 R108 R109 R110 R111 R112 R113 R114 R115 R116 R117 R118 R119 R120 R121 R122 R123 R124 R16 R22 R23 R24 R25 R26 R27 R33 R74 R75 R76 R77 R78 R79 R84 ,39,10k,Resistors_SMD:R_0805_HandSoldering,http://www.dientuachau.com/r0805-5-10-k
R15 R17 R18 R19 R20 R21 R61 R65 R66 R67 R68 R69 R80 R81 ,14,4.7k,Resistors_SMD:R_0805_HandSoldering,http://www.dientuachau.com/r0805-5-4-7-k
R13 R28 R31 R35 R53 R55 R57 R59 ,8,124k,Resistors_SMD:R_0805_HandSoldering,124k/ 1% digikey
R29 R32 R36 R37 R38 R39 R60 R62 R63 R64 ,10,1k,Resistors_SMD:R_0805_HandSoldering,1k/1% digikey
R40 R41 R42 R43 R70 R71 R72 R73 ,8,51R,Resistors_SMD:R_0805_HandSoldering,51R/1% digikey
R48 R49 R5 R50 R51 R6 R7 R8 ,8,R?,Resistors_SMD:R_0805_HandSoldering,
R85 ,1,3.3k,Resistors_SMD:R_0805_HandSoldering,https://banlinhkien.vn/goods-5472-tro-0805-1-3-3k-50c-.html 
R100 R89 R90 R91 R92 R93 R94 R95 R96 R97 R98 R99 ,12,2.2k,Resistors_SMD:R_0805_HandSoldering,https://banlinhkien.vn/goods-5237-tro-0805-5-2-2k-50c-.html 
R14 R30 R34 R52 R54 R56 R58 R9 ,8,5.11k,Resistors_SMD:R_0805_HandSoldering,5.11k/1% digikey
RV1 RV2 ,2,Varistor,Capacitors_THT:C_Disc_D7.5mm_W5.0mm_P10.00mm,https://banlinhkien.vn/goods-6684-varistor-tvr14391-390v.html
SW1 ,1,RESET,Buttons_Switches_SMD:SW_SPST_B3U-1000P-B,https://thegioiic.com/products/nut-nhan-3x4x2-5-2pin-smd 
U1 U9 ,2,AD8604,Housings_SOIC:SOIC-14_3.9x8.7mm_Pitch1.27mm,digikey
U17 ,1,ADS7828,Housings_SSOP:TSSOP-16_4.4x5mm_Pitch0.65mm,digikey
U18 ,1,XL4015,TO_SOT_Packages_SMD:TO-263-5_TabPin3,https://thegioiic.com/products/xl4015
U19 ,1,STM32F103RD,Housings_QFP:LQFP-64_10x10mm_Pitch0.5mm,http://tme.vn/Product.aspx?id=1834#page=pro_info
U16 U2 ,2,AD8601,nhantt-kicad-lib:SOT-23-5,digikey
U20 ,1,ASM1117,nhantt-kicad-lib:SOT-223,http://www.dientuachau.com/ams1117-3-3v 
U10 U11 U12 U13 U14 U15 U3 U4 U5 U6 U7 U8 ,12,PC817,nhantt-kicad-lib:Optocoupler_SMD,http://www.dientuachau.com/pc817xnnip0f 
Y1 ,1,32768Khz,nhantt-kicad-lib:Crystal_Round_Horizontal_3mm_smd,http://www.dientuachau.com/ab26t-32-768khz 
Y2 ,1,8Mhz,nhantt-kicad-lib:Crystal_SMD_HC49-SD,http://www.dientuachau.com/8mhz-hc49-us 
